[{"id":85351552,"title":"Blog Template","order":1,"templateKey":"blog","customTemplate":false,"customTemplateFilename":null,"pageLinks":[],"dateCreated":"2023-11-15T09:39:28.789Z","dateUpdated":"2023-11-15T09:39:34.576Z","folderId":null,"pageName":"Blog Template","serverPageId":null,"sectionCount":1,"status":2,"backwardUrl":null},{"id":94801461,"title":"Post Template","order":2,"templateKey":"post","customTemplate":false,"customTemplateFilename":null,"pageLinks":[],"dateCreated":"2023-11-15T09:39:29.185Z","dateUpdated":"2023-11-15T09:39:34.591Z","folderId":null,"pageName":"Post Template","serverPageId":null,"sectionCount":1,"status":2,"backwardUrl":null},{"id":299616167,"title":"Product List Template","order":3,"templateKey":"products","customTemplate":false,"customTemplateFilename":null,"pageLinks":[],"dateCreated":"2023-11-15T09:39:29.551Z","dateUpdated":"2023-11-15T09:39:34.591Z","folderId":null,"pageName":"Product List Template","serverPageId":null,"sectionCount":1,"status":2,"backwardUrl":null},{"id":158441482,"title":"Product Details Template","order":4,"templateKey":"product","customTemplate":false,"customTemplateFilename":null,"pageLinks":[],"dateCreated":"2023-11-15T09:39:29.948Z","dateUpdated":"2023-11-15T09:39:34.591Z","folderId":null,"pageName":"Product Details Template","serverPageId":null,"sectionCount":1,"status":2,"backwardUrl":null},{"id":1583105993,"title":"Shopping Cart Template","order":5,"templateKey":"cart","customTemplate":false,"customTemplateFilename":null,"pageLinks":[],"dateCreated":"2023-11-15T09:39:30.268Z","dateUpdated":"2023-11-15T09:39:34.591Z","folderId":null,"pageName":"Shopping Cart Template","serverPageId":null,"sectionCount":1,"status":2,"backwardUrl":null},{"id":93027785,"title":"Checkout Template","order":6,"templateKey":"checkout","customTemplate":false,"customTemplateFilename":null,"pageLinks":[],"dateCreated":"2023-11-15T09:39:30.790Z","dateUpdated":"2023-11-15T09:39:34.591Z","folderId":null,"pageName":"Checkout Template","serverPageId":null,"sectionCount":1,"status":2,"backwardUrl":null},{"id":62669813,"title":"Login Template","order":7,"templateKey":"login","customTemplate":false,"customTemplateFilename":null,"pageLinks":[],"dateCreated":"2023-11-15T09:39:31.029Z","dateUpdated":"2023-11-15T09:39:34.591Z","folderId":null,"pageName":"Login Template","serverPageId":null,"sectionCount":1,"status":2,"backwardUrl":null},{"id":1995103312,"title":"Page Password Template","order":8,"templateKey":"password","customTemplate":false,"customTemplateFilename":null,"pageLinks":[],"dateCreated":"2023-11-15T09:39:31.336Z","dateUpdated":"2023-11-15T09:39:34.591Z","folderId":null,"pageName":"Page Password Template","serverPageId":null,"sectionCount":1,"status":2,"backwardUrl":null},{"id":780216919,"title":"404 Not Found Template","order":9,"templateKey":"404","customTemplate":false,"customTemplateFilename":null,"pageLinks":[],"dateCreated":"2023-11-15T09:39:31.771Z","dateUpdated":"2023-11-15T09:39:34.591Z","folderId":null,"pageName":"404 Not Found Template","serverPageId":null,"sectionCount":1,"status":2,"backwardUrl":null},{"id":1346508060,"title":"Thank You Page Template","order":10,"templateKey":"ThankYou","customTemplate":false,"customTemplateFilename":null,"pageLinks":[],"dateCreated":"2023-11-15T09:39:32.102Z","dateUpdated":"2023-11-15T09:39:34.591Z","folderId":null,"pageName":"Thank You Page Template","serverPageId":null,"sectionCount":1,"status":2,"backwardUrl":null},{"id":1425380,"title":"Landing page","order":50,"templateKey":null,"customTemplate":false,"customTemplateFilename":null,"pageLinks":[],"dateCreated":"2023-11-15T09:39:37.604Z","dateUpdated":"2023-11-15T09:41:27.191Z","folderId":null,"pageName":"Landing page_1425380","serverPageId":null,"sectionCount":1,"status":2,"backwardUrl":null},{"id":86511496,"title":"About","order":100,"templateKey":null,"customTemplate":false,"customTemplateFilename":null,"pageLinks":[],"dateCreated":"2023-11-15T09:39:32.285Z","dateUpdated":"2023-11-15T09:39:34.591Z","folderId":null,"pageName":"About_86511496","serverPageId":null,"sectionCount":1,"status":2,"backwardUrl":null},{"id":98059744,"title":"Contact","order":101,"templateKey":null,"customTemplate":false,"customTemplateFilename":null,"pageLinks":[],"dateCreated":"2023-11-15T09:39:32.447Z","dateUpdated":"2023-11-15T09:39:34.591Z","folderId":null,"pageName":"Contact_98059744","serverPageId":null,"sectionCount":1,"status":2,"backwardUrl":null},{"id":2824957,"title":"Page 1","order":102,"templateKey":null,"customTemplate":false,"customTemplateFilename":null,"pageLinks":[],"dateCreated":"2023-11-15T09:45:32.418Z","dateUpdated":"2023-11-17T07:44:04.391Z","folderId":null,"pageName":"Page 1_2824957","serverPageId":null,"sectionCount":3,"status":2,"backwardUrl":null}]